"judul_berita","tanggal_publikasi","jam_publikasi","kategori"
"574 Pasangan Ikuti Itsbat dan Nikah Massal","2018-12-31","23:02","Kesra"
"Sudinsos Jakut Kerahkan 68 P3S di Pusat Keramaian  ","2018-12-31","21:40","Jakarta Hari Ini"
"Anies Lantik Tiga Pejabat Pimpinan Tinggi Pratama","2018-12-31","21:37","Pemerintahan"
"Kelurahan Angke Terjunkan 60 Petugas PPSU di RPTRA Kalijodo","2018-12-31","19:44","Jakarta Hari Ini"
" Warga Marunda Himpun Bantuan Bagi Korban Tsunami","2018-12-31","19:27","Kesra"
"Sudinsos Jaktim Dirikan Tenda untuk Korban Kebakaran di Cakung","2018-12-31","18:22","Jakarta Hari Ini"
"Festival Kuliner Sambut Tahun Baru di Pulau Lancang","2018-12-31","17:44","Wisata & Kuliner"
"Bupati Minta Aktivitas Menyelam Wisatawan Didampingi Pemandu","2018-12-31","17:36","Lintas Kota"
"Pemkot Jakut Apresiasi Atlet Berprestasi ","2018-12-31","17:33","Olahraga"
"Sudah 60 Meter Kubik Material Vulkanik Dibersihkan","2018-12-31","17:26","Lintas Kota"
"Bupati Tinjau Dermaga dan Pulau Tujuan Wisata","2018-12-31","15:47","Jakarta Hari Ini"
"Rehab Total Rumah Pompa Waduk Bojong Ditarget Rampung Awal Februari ","2018-12-31","15:47","Jakarta Hari Ini"
"Pemkot Jakut Deklarasikan Rencana Aksi Daerah P4GN ","2018-12-31","15:00","Pemerintahan"
"Sudin Gulkarmat Jaksel Siagakan 100 Personel","2018-12-31","14:24","Jakarta Hari Ini"
"Pemkot Jaksel Sosialisasikan Kartu Pekerja ","2018-12-31","13:28","Jakarta Hari Ini"
"PBB Setu Babakan Dipercantik dengan Lampu Hias ","2018-12-31","13:19","Lintas Kota"
"Pemkab Adakan Doa Bersama dan Penggalangan Donasi ","2018-12-31","12:49","Jakarta Hari Ini"
"Pemprov DKI Serahkan 3.070 Kartu Pekerja","2018-12-31","11:11","Jakarta Hari Ini"
"Sudin KUKMP Jaksel Fasilitasi Pedagang Binaan di Malam Tahun Baru","2018-12-31","10:35","Lintas Kota"
"Kebakaran Gudang di Cakung Berhasil Dipadamkan Petugas","2018-12-31","09:15","Jakarta Hari Ini"
"Sejumlah Wilayah Jakarta akan Diguyur Hujan","2018-12-31","08:39","Jakarta Hari Ini"
"Ini Rekayasa Lalin Saat Malam Pergantian Tahun ","2018-12-30","22:05","Transportasi"
"BPRD Buka Layanan di HBKB Terakhir 2018","2018-12-30","20:28","Jakarta Hari Ini"
"Pemprov DKI Adakan Berbagai Kegiatan di Malam Tahun Baru","2018-12-30","19:05","Kesra"
"Karang Taruna Pulau Pari dan Tidung Galang Donasi Bagi Korban Tsunami","2018-12-30","17:14","Lintas Kota"
"Dinas KPKP Gelar Penjualan Telur Murah di 15 Lokasi","2018-12-30","15:25","Ekonomi"
"Pemkot Jakbar Galang Donasi untuk Korban Tsunami ","2018-12-30","12:30","Kesra"
"Jakarta Diprediksi Cerah Berawan","2018-12-30","08:25","Jakarta Hari Ini"
"Hingga Saat Ini, 28.905 Lampu LED SS Telah Terpasang di Jaktim","2018-12-29","19:46","Jakarta Hari Ini"
"Ada Waroeng Sehat di Puskesmas Kecamatan Johar Baru","2018-12-29","17:30","Kesehatan"
"Kebakaran Tujuh Kosan di Rambutan Dipadamkan Petugas","2018-12-29","17:07","Jakarta Hari Ini"
"Suban Pajak dan Retda Jaksel Gelar Razia pada Malam Tahun Baru","2018-12-29","14:24","Jakarta Hari Ini"
"Sudin SDA Jaktim Rampungkan Normalisasi 73 Saluran Air ","2018-12-29","12:22","Jakarta Hari Ini"
"Sudin LH Jaksel Kerahkan 300 Personel di Malam Tahun Baru","2018-12-29","10:04","Jakarta Hari Ini"
"Dasa Wisma Kelurahan Cipete Utara Dikukuhkan ","2018-12-29","08:51","Jakarta Hari Ini"
" Bamus Betawi Jakut Gelar Pagelaran Seni Budaya ","2018-12-29","08:26","Seni & Budaya"
"Bupati Sambut Baik Peresmian Dermaga Sandar Kapal KPP Jakarta","2018-12-28","20:42","Lintas Kota"
"285 Personel Gabungan di Jakpus Apel Persiapan Malam Tahun Baru","2018-12-28","20:10","Jakarta Hari Ini"
"Pos Damkar di Kebagusan Mulai Dioperasikan","2018-12-28","20:01","Jakarta Hari Ini"
"Sekda Lantik 446 Pejabat Fungsional","2018-12-28","18:02","Pemerintahan"
"Kebakaran Mobil di Flyover Pondok Bambu Berhasil Dipadamkan ","2018-12-28","17:32","Jakarta Hari Ini"
"Perolehan PBB-P2 di Jaksel Lampaui Target","2018-12-28","16:56","Ekonomi"
"PT MRT akan Sediakan Gerbong Khusus Wanita ","2018-12-28","16:21","BUMD"
"1.516 Warga Ikuti Pelatihan Kegiatan Wirausaha Baru di Jaktim","2018-12-28","15:51","Kesra"
"Perumda Pasar Jaya Resmikan PAUD di Pasar Mayestik","2018-12-28","15:31","BUMD"
"Simulasi Evakuasi Bencana Digelar di ITC Mangga Dua","2018-12-28","15:20","Lintas Kota"
"Perbaikan Flyover Cengkareng Ditarget Rampung Awal Januari 2019","2018-12-28","15:11","Lintas Kota"
"Posyandu RW 04 Cempaka Putih Barat Wakili DKI di Tingkat Nasional ","2018-12-28","14:56","Jakarta Hari Ini"
"6.800 Petugas Bakal Dikerahkan Bersihkan Sampah Malam Tahun Baru","2018-12-28","14:40","Lintas Kota"
"Petugas SDA Kepulauan Seribu Bersihkan Saluran Air ","2018-12-28","14:27","Jakarta Hari Ini"
"39 RW di Kecamatan Koja Sudah Terlayani Program KPLDH ","2018-12-28","11:47","Kesehatan"
"Sudingulkarmat Jaksel Gelar Simulasi Penyelamatan di ITC Permata Hijau","2018-12-28","11:37","Jakarta Hari Ini"
"Progres Pembangunan MRT Sudah 98,10 Persen","2018-12-28","11:02","BUMD"
"Sudin KPKP Kepulauan Seribu Serahkan Bantuan 10 Ribu Benih Ikan","2018-12-28","10:53","Kesra"
"Realisasi Penerimaan PKB dan BBNKB di Jakpus Lampaui Target","2018-12-28","10:29","Jakarta Hari Ini"
"Material Vulkanik Erupsi Gunung Anak Krakatau Terhanyut Hingga Pulau Tidung ","2018-12-28","10:15","Jakarta Hari Ini"
"Perbaikan Longsor di Kalisari Rampung","2018-12-28","09:24","Jakarta Hari Ini"
"Jakarta Diprediksi Cerah Berawan","2018-12-28","08:20","Jakarta Hari Ini"
"250 Personel Sudin Gulkarmat Jaktim Siaga di Malam Tahun Baru","2018-12-27","22:01","Fokus"
"DPRD Ingin Pembangunan Dermaga di Kepulauan Seribu Dipercepat","2018-12-27","19:52","Legislatif"
"Perda Penambahan Modal Dasar Tiga BUMD Disahkan","2018-12-27","17:56","Legislatif"
"Material Vulkanik di Pulau Kelapa dan Pulau Harapan Dibersihkan","2018-12-27","17:44","Jakarta Hari Ini"
"PT MRT Resmikan Pusat Informasi MRT di Dukuh Atas","2018-12-27","16:29","BUMD"
"Sudinhub Jaktim Siapkan Skema Rekayasa Lalin di Kawasan TMII ","2018-12-27","16:08","Jakarta Hari Ini"
"Simulasi Bencana Gempa Digelar di Gedung TMMIN","2018-12-27","15:58","Lintas Kota"
"Bapemperda Sempurnakan Raperda PMD Tiga BUMD","2018-12-27","15:47","Legislatif"
"Petugas Berhasil Evakuasi Sarang Tawon dari Atap Rumah Warga","2018-12-27","15:41","Jakarta Hari Ini"
"Realisasi PBB-P2 Kecamatan Cilincing Tertinggi di DKI","2018-12-27","15:20","Ekonomi"
"Sekda Peringatkan ASN Jangan Lakukan Pungli ","2018-12-27","14:56","Pemerintahan"
"579 Pengurus RW di Jaksel Ikuti Sosialisasi Pra Musrenbang","2018-12-27","14:48","Jakarta Hari Ini"
"162 RW di Jaksel Telah Mendapatkan Sosialisasi Penanggulangan Kebakaran","2018-12-27","14:36","Jakarta Hari Ini"
"Anies Beri Arahan Pelaksanaan Musrenbang Tahun 2019","2018-12-27","14:29","Pembangunan"
"ASN Kepulauan Seribu Disosialisasi Pergub 131 Tahun 2018 ","2018-12-27","14:27","Pemerintahan"
"Wali Kota Jaktim Sidak ke Pasar Kramat Jati","2018-12-27","13:22","Jakarta Hari Ini"
"Lalu Lintas di Flyover Rawa Buaya Dialihkan","2018-12-27","13:19","Transportasi"
"Bank DKI Beri Santunan Korban Tsunami dari RSUD Tarakan ","2018-12-27","13:17","BUMD"
"Sudin Nakertrans Jakpus Siapkan 16 PJLP Pendamping Wirausahawan","2018-12-27","13:09","Jakarta Hari Ini"
"TP PKK Pulau Tidung dan Untung Jawa Dapat Penghargaan Tingkat Provinsi","2018-12-27","12:43","Pemberdayaan Perempuan"
"445 Karung Lumpur Dibersihkan dari Saluran Jalan Raya Pasar Minggu","2018-12-27","10:21","Jakarta Hari Ini"
"500 Personel Satpol PP Siap Amankan Malam Tahun Baru di Jaksel","2018-12-27","08:54","Jakarta Hari Ini"
"Kebakaran Pabrik di Pasar Rebo Berhasil Dipadamkan Petugas","2018-12-27","07:33","Jakarta Hari Ini"
"Transjakarta Sediakan Layanan Khusus Menuju Tempat Wisata","2018-12-26","22:28","BUMD"
"Pemprov Didorong Perbanyak Pelican Crossing","2018-12-26","19:56","Legislatif"
"150 Personel Sudinhub Jaktim Disiagakan Amankan Malam Tahun Baru","2018-12-26","18:21","Fokus"
"Pemkot Jakpus Fasilitasi Pedagang Binaan di Car Free Night","2018-12-26","17:42","Wisata & Kuliner"
"Malam Pergantian Tahun di Setu Babakan Targetkan 5.000 Pengunjung","2018-12-26","17:02","Wisata & Kuliner"
"Jajaran Pemkot Jaktim Diminta Perkuat Koordinasi dengan BPBD  ","2018-12-26","16:14","Fokus"
"Sudin KPKP Jakut Siapkan Program Pengolahan Ikan  ","2018-12-26","15:49","Ekonomi"
"Hiburan Rakyat akan Ada di PBB Setu Babakan saat Malam Tahun Baru","2018-12-26","15:10","Seni & Budaya"
"Disdukcapil Diminta Gencarkan Sosialisasi Program GISA","2018-12-26","14:26","Legislatif"
"Kolong FO Kalibata Dipasangi Portal Pembatas Tinggi Kendaraan","2018-12-26","13:52","Jakarta Hari Ini"
" 90 Petugas P3S Jaktim Siaga di 18 Titik Pantau","2018-12-26","13:27","Jakarta Hari Ini"
"Pemkot Jakpus Gelar Upacara Peringatan Hari Ibu","2018-12-26","13:10","Lintas Kota"
"ASN Pemkab Kepulauan Seribu Galang Donasi untuk Korban Tsunami","2018-12-26","13:06","Pemerintahan"
"Upacara Peringatan Hari Ibu Digelar di Pulau Untung Jawa","2018-12-26","12:11","Jakarta Hari Ini"
"Sekda Jadi Irup Memperingati Hari Ibu","2018-12-26","12:01","Jakarta Hari Ini"
"Pembersihan Saluran Air Jalan Duren Tiga Raya Rampung","2018-12-26","10:48","Lintas Kota"
"Terminal Ragunan Sediakan Fasilitas Area Antar Jemput Ojek Online","2018-12-26","10:12","Jakarta Hari Ini"
"Hari Ini, Jakarta Diprediksi Berawan","2018-12-26","09:45","Jakarta Hari Ini"
"Sudinhub Jaktim Telah Pasang 220 Cermin Cembung Tahun Ini","2018-12-26","09:28","Jakarta Hari Ini"
"TPID Diminta Jaga Stabilitas Harga Bahan Pokok","2018-12-25","22:31","Legislatif"
"Dinsos DKI Suplai Kebutuhan Logistik Korban Tsunami di Banten","2018-12-25","17:35","Fokus"
"Ketua Kelompok Dasa Wisma Pulau Pari Dikukuhkan","2018-12-25","16:38","Pemberdayaan Perempuan"
"Enam Kapal Dishub Layani Penumpang Rute Kepulauan Seribu","2018-12-25","13:28","Transportasi"
"Terminal Kampung Rambutan Berangkatkan 40.758 Penumpang","2018-12-25","11:25","Jakarta Hari Ini"
"Anies Kembali Kunjungi Pasien Korban Tsunami di RSUD Tarakan ","2018-12-25","10:13","Fokus"
"Gubernur Tinjau Lima Gereja di Malam Natal","2018-12-24","22:02","Kesra"
"2.200 Petugas Kebersihan Disiapkan Atasi Sampah Malam Natal","2018-12-24","20:28","Fokus"
"Pengunjung Ancol di Akhir Pekan Jelang Natal Capai 134 Ribu ","2018-12-24","20:17","Wisata & Kuliner"
"Anies Kunjungi Gereja Katedral ","2018-12-24","19:24","Kesra"
"Kebakaran Rumah di Pondok Ranggon Dipadamkan Petugas","2018-12-24","19:17","Jakarta Hari Ini"
"220 Personel Satpol PP Jaktim Siap Bantu Pengamanan Natal dan Tahun Baru","2018-12-24","17:47","Fokus"
"Operasional Suplai Listrik 24 Jam Diuji Coba di Pulau Sebira","2018-12-24","17:13","Pembangunan"
"Libur Natal, TMII Dikunjungi 103.180 Pengunjung","2018-12-24","16:58","Wisata & Kuliner"
"4.507 Wisatawan Berlibur ke Kepulauan Seribu","2018-12-24","16:15","Wisata & Kuliner"
"UP PKB dan BBNKB Jaktim Razia Penunggak di Parkiran Mal","2018-12-24","16:06","Jakarta Hari Ini"
"Wali Kota Jakbar Hadiri Pemakaman Warga Korban Tsunami ","2018-12-24","15:56","Jakarta Hari Ini"
"Loket Penjualan Tiket Tugu Monas Dipindah Selama Liburan","2018-12-24","15:34","Wisata & Kuliner"
"Sudinhub Jaksel Rekayasa Lalin di Kawasan Ragunan","2018-12-24","15:23","Jakarta Hari Ini"
"41 Korban Tsunami Masih Dirawat di RSUD Tarakan","2018-12-24","15:14","Jakarta Hari Ini"
"Bupati Tinjau Pos Pengamanan dan Aktivitas Pariwisata","2018-12-24","13:49","Wisata & Kuliner"
"1.264 Personel Gabungan Bantu Pengamanan Natal di Jakut","2018-12-24","13:48","Jakarta Hari Ini"
"Sudin LH Jaksel Kerahkan 150 Petugas Bersihkan Sampah","2018-12-24","09:55","Kesra"
"Gubernur Jenguk Korban Tsunami Banten di RSUD Tarakan ","2018-12-23","23:57","Jakarta Hari Ini"
"Sudin KPKP Jakpus Periksa 8.388 Sampel Produk Pangan","2018-12-23","22:23","Jakarta Hari Ini"
"Perolehan PKB dan BBNKB Jaktim Lampaui Target","2018-12-23","20:13","Ekonomi"
"UP PKB dan BBNKB Jakbar Razia Penunggak Door to Door","2018-12-23","19:15","Jakarta Hari Ini"
"Wali Kota Jaktim Buka Kegiatan Sunatan Massal di Pondok Bambu","2018-12-23","17:26","Lintas Kota"
"Senin 24 Desember, TMR Tetap Buka","2018-12-23","14:10","Wisata & Kuliner"
"Libur Natal, UP TMR Tambah Loket Tiket","2018-12-23","13:46","Wisata & Kuliner"
"Anies Pastikan Pantai Kita dan Pantai Maju Terbuka untuk Warga ","2018-12-23","11:06","Pembangunan"
"Sejumlah Wilayah di Jakarta akan Diguyur Hujan","2018-12-23","10:11","Jakarta Hari Ini"
"Personel Gabungan Lakukan Pemeriksaan  Penumpang di Dermaga Kaliadem","2018-12-22","20:10","Jakarta Hari Ini"
"Perbaikan Turap di Pademangan Masuk Tahap Finishing","2018-12-22","16:10","Banjir"
"Dishub Kerahkan 2.500 Personel Selama Libur Natal Hingga Tahun Baru","2018-12-22","15:42","Lintas Kota"
"Pemkab Kepulauan Seribu Seleksi 203 Calon Pegawai PJLP","2018-12-22","15:02","Kesra"
"Anies: Jasa Ibu Tak Ternilai","2018-12-22","12:40","Pemberdayaan Perempuan"
"Jakarta Diprediksi Diguyur Hujan Berintensitas Ringan Hingga Sedang","2018-12-22","09:39","Jakarta Hari Ini"
"Anies Hadiri Tasyakuran The Jakmania di Monas ","2018-12-21","22:41","Jakarta Hari Ini"
"Banggar DPRD Bahas Revisi Usulan Anggaran Tahun Jamak ","2018-12-21","22:34","Pemerintahan"
"Pemkot Jaktim akan Gelar Hiburan Rakyat di Malam Pergantian Tahun","2018-12-21","22:15","Jakarta Hari Ini"
"Forkopimda Kepulauan Seribu Gelar Apel Operasi Lilin Jaya 2018","2018-12-21","21:40","Pemerintahan"
"Perolehan Bulan Dana PMI Jakut Terhimpun Rp 1,6 Miliar ","2018-12-21","21:32","Kesra"
"Wali Kota Jaktim Buka Festival Pencak Silat Seni Budaya","2018-12-21","21:25","Olahraga"
"Hingga Desember, 1.330 Meter Persegi Zebra Cross Terpasang di Jaktim ","2018-12-21","21:10","Jakarta Hari Ini"
"Pemprov DKI Gelar Konsultasi Publik Soal Rencana Tata Ruang Wilayah ","2018-12-21","21:01","Pembangunan"
" 54 Calon Tenaga Pendamping Pengembangan Kewirausahaan Terpadu Lolos Seleksi Awal ","2018-12-21","20:56","Jakarta Hari Ini"
"Lonjakan Penumpang di Terminal Kalideres Diperkirakan Terjadi Malam ini","2018-12-21","20:48","Jakarta Hari Ini"
"Libur Akhir Tahun, Kepulauan Seribu Diprediksi Bakal Dikunjungi 40 Ribu Wisatawan","2018-12-21","20:33","Wisata & Kuliner"
"Pemprov-DKI BPJS Sepakat Optimalisasi Jaminan Sosial Kesehatan","2018-12-21","18:28","Fokus"
"Renovasi Total Lima Kantor Kelurahan di Jaktim Rampung","2018-12-21","17:08","Jakarta Hari Ini"
"30 Kubik Sampah Diangkut dari Perairan Pulau Panggang ","2018-12-21","17:06","Kesra"
"115 Peserta Ikuti Sayembara Desain Interior Tugu Nasional dan PRTK Medan Merdeka","2018-12-21","17:02","Jakarta Hari Ini"
"Wali Kota Jaksel Cek Harga Bahan Pangan di Pasar Mayestik","2018-12-21","16:51","Jakarta Hari Ini"
"Realisasi Penerimaan Pajak di Koja Capai 112 Persen","2018-12-21","16:25","Ekonomi"
"Terminal Kalideres Tambah 50 Armada Bus AKAP","2018-12-21","16:20","Jakarta Hari Ini"
" Sekda Lantik 101 Guru CPNS Jadi PNS ","2018-12-21","16:16","Pendidikan"
"Razia Penunggak Pajak, UPPRD Pancoran Berhasil Kumpulkan Rp 312 Juta","2018-12-21","15:42","Jakarta Hari Ini"
"RW 01 Sunter Wakili DKI ke Lomba LBS Tingkat Nasional","2018-12-21","15:26","Lintas Kota"
"Kelompok Tani Pulau Payung Panen 38 Kg Kangkung","2018-12-21","13:33","Kesra"
"Sudinhub Jaksel Tempatkan 100 Personel di Kawasan Wisata","2018-12-21","11:15","Jakarta Hari Ini"
"Puskemas Kecamatan Koja Layani Pemeriksaan Kesehatan  2.183 Calon Pengantin ","2018-12-21","10:43","Kesra"
"UP TMR Siapkan 1.000 Personel untuk Natal dan Tahun Baru","2018-12-21","10:19","Jakarta Hari Ini"
"Kebakaran di Gunung Sahari Utara Berhasil Dipadamkan","2018-12-21","10:13","Jakarta Hari Ini"
" TP PKK Jakbar Terapkan Gerakan Pengurangan Sampah Plastik ","2018-12-21","10:02","Jakarta Hari Ini"
"UPPRD Pancoran Razia Objek Pajak yang Belum Terdaftar","2018-12-21","09:07","Jakarta Hari Ini"
"Pemkot Jakpus Lakukan Pengawasan Produk Pangan di Pasar Swalayan","2018-12-21","08:55","Jakarta Hari Ini"
"Jelang Natal, Pemprov DKI Siapkan 2.700 Ton Beras","2018-12-21","08:40","Ekonomi"
"Media Saudi Arabia Eksplorasi Destinasi Wisata di Kepulauan Seribu","2018-12-21","08:35","Wisata & Kuliner"
"Jakarta Diprediksi Diguyur Hujan","2018-12-21","08:27","Jakarta Hari Ini"
"Kecamatan Kembangan Fokus Benahi Sumbatan Air ","2018-12-21","07:24","Jakarta Hari Ini"
"DKI dan Daerah Penyangga Perkuat Kerja Sama di Tiga Sektor","2018-12-21","07:18","Fokus"
"Jaelani dari SMK Negeri 20 Juara Lomba Pidato Dakwah","2018-12-21","07:16","Pendidikan"
"123 Pelamar PPSU Rawasari Ikuti Tes Wawancara","2018-12-20","22:54","Lintas Kota"
"Satpol PP Jakpus Siapkan 379 Personel Bantu Pengamanan Natal","2018-12-20","22:29","Lintas Kota"
"Pemprov DKI-Polda Metro Jaya Sepakati Kerja Sama Perlindungan terhadap Perempuan dan Anak","2018-12-20","22:04","Jakarta Hari Ini"
"Ancol Targetkan 250 Ribu Pengunjung Saat Malam Pergantian Tahun","2018-12-20","20:49","Wisata & Kuliner"
"Satpol PP Jaksel Gelar Operasi Praja Wibawa","2018-12-20","18:18","Jakarta Hari Ini"
"Bazis DKI Luncurkan Program Mal Sadar Zakat ","2018-12-20","17:57","Jakarta Hari Ini"
"200 Personel Satpol PP Jakut Siap Bantu Pengamanan Natal  ","2018-12-20","15:37","Lintas Kota"
"Pemkot Jakbar Gelar Apel Pengamanan Natal dan Tahun Baru ","2018-12-20","14:29","Jakarta Hari Ini"
"52 Calon Pengelola RPTRA di Semper Barat Ikuti Tes Wawancara","2018-12-20","14:16","Pemberdayaan Perempuan"
"PT FSTJ Tambah Mesin Pengolah Beras","2018-12-20","14:09","BUMD"
"Sudinpusip Jaktim Buat Pojok Baca di UP PKB Ujung Menteng","2018-12-20","13:45","Jakarta Hari Ini"
"Pemprov DKI Bantu Pembangunan 21 Sekolah di Lombok Utara","2018-12-20","13:31","Fokus"
"Sudin KPKP Jakpus Tertibkan 1.487 Unggas","2018-12-20","13:29","Lintas Kota"
"Perolehan BBNKB di Jaksel Lampaui Target","2018-12-20","12:56","Ekonomi"
"Gembok Cinta Pulau Tidung Jadi Spot Baru Swafoto ","2018-12-20","12:56","Wisata & Kuliner"
"Kebakaran di Wisma Kehutanan Pulau Untung Jawa Berhasil Dipadamkan","2018-12-20","11:34","Jakarta Hari Ini"
"Anies Groundbreaking Pembangunan ITF Sunter","2018-12-20","11:29","Fokus"
"Normalisasi Saluran PHB Cakung Cilincing Rampung","2018-12-20","09:21","Jakarta Hari Ini"
"Jakarta Diprediksi Diguyur Hujan Pada Siang Hari","2018-12-20","08:27","Jakarta Hari Ini"
"Dharma Wanita dan TP PKK Jakut Gelar Seminar Kanker Serviks","2018-12-20","07:09","Pemberdayaan Perempuan"
"DPRD Sumsel Belajar Pengelolaan Aset ke Pemprov DKI  ","2018-12-19","21:37","Lintas Kota"
"Pemprov DKI-PRSSI Sepakati Penyelenggaraan Edukasi Kesehatan","2018-12-19","17:25","Pendidikan"
"1 Januari 2019 Ada Festival Sukun di Pulau Pramuka ","2018-12-19","17:24","Wisata & Kuliner"
"Anies Dapat Penghargaan Anugerah Parahita Ekapraya 2018","2018-12-19","17:23","Pemberdayaan Perempuan"
"1.280 Calon PJLP Sudin SDA Jaktim Ikuti Tes Praktik","2018-12-19","16:19","Jakarta Hari Ini"
"Median Jalan I Gusti Ngurah Rai Dipasangi Pagar Pengaman","2018-12-19","15:33","Jakarta Hari Ini"
"Pemkot Jaktim Raih Penghargaan Anugerah Parahita Ekapraya","2018-12-19","15:07","Jakarta Hari Ini"
"Anies Tinjau Pembongkaran JPO Tosari","2018-12-19","14:54","Pembangunan"
"Pemkot Jakut Sosialisasikan Proses Tahapan Rembuk RW ","2018-12-19","14:38","Pembangunan"
"Sudin KPKP Kepulauan Seribu Pasang 48 Rumpon","2018-12-19","14:25","Lintas Kota"
"Museum Seni Rupa dan Keramik Gelar Pameran Batik Eksplorasi Motif ASEAN ","2018-12-19","14:16","Jakarta Hari Ini"
"Penghapusan Sanksi Administrasi Pajak Kendaraan Diperpanjang Hingga 31 Desember ","2018-12-19","14:09","Ekonomi"
"Operasi Praja Wibawa Kedua di Jakut Dilakukan di 13 Jalan","2018-12-19","14:07","Lintas Kota"
"Dinas KUKMP Tingkatkan Pengawasan Produk Panganan Kemasan ","2018-12-19","13:58","Ekonomi"
"Sudinhub Jaksel akan Rekayasa Lalin di Jalan Prapanca Raya","2018-12-19","13:27","Jakarta Hari Ini"
"Pemkab Terus Intensifkan Pencegahan Peredaran Narkoba","2018-12-19","12:59","Lintas Kota"
"Turap Saluran PHD di Taman Langsat Diperbaiki","2018-12-19","11:49","Jakarta Hari Ini"
"BMKG Imbau Keselamatan Pelayaran Diutamakan","2018-12-19","11:15","Transportasi"
"Anies Jadi Irup Peringatan Hari Bela Negara","2018-12-19","10:56","Pemerintahan"
"Normalisasi Saluran PHB Laut Banda Rampung","2018-12-19","10:11","Jakarta Hari Ini"
"Sudindukcapil Jaksel Kumpulkan Sampel Pemutakhiran Data Penduduk","2018-12-19","09:42","Jakarta Hari Ini"
"Jakarta Diprediksi Diguyur Hujan","2018-12-19","08:30","Jakarta Hari Ini"
"5.520 Ekor HPR di Jakpus Sudah Divaksinasi","2018-12-18","23:34","Kesehatan"
"Pemkot Jakbar Bakal Adakan Hiburan Rakyat di Malam Pergantian Tahun ","2018-12-18","21:42","Wisata & Kuliner"
"Sudinpusip Jaktim Selesaikan 118 Kegiatan Mendongeng","2018-12-18","21:34","Kesra"
"Bazis Jaksel Bantu Perbaikan Rumah Warga di Bintaro","2018-12-18","21:25","Kesra"
" Kebakaran Enam Rumah di Cipinang Muara Berhasil Dipadamkan ","2018-12-18","21:19","Jakarta Hari Ini"
"Bappeda Gelar Pendampingan Penyusunan Target Capaian KSD ","2018-12-18","21:05","Lintas Kota"
"Tim Irwasda Polda Metro Jaya Lakukan Kunjungan Kerja ke Pemkot Jakut    ","2018-12-18","20:38","Lintas Kota"
"350 ASN Pemprov DKI Terima SK Pensiun ","2018-12-18","20:24","Lintas Kota"
"Pemkab Siapkan Fasilitas Bagi Wisatawan Terdampak Cuaca Buruk","2018-12-18","18:53","Wisata & Kuliner"
" Serapan Anggaran Pemkot Jakbar Ditarget Capai 90 Persen","2018-12-18","18:35","Pemerintahan"
"DPRD Sumut Studi Komparasi ke DPRD DKI","2018-12-18","18:27","Legislatif"
"Wali Kota Jakbar Minta Parkir Liar di Jalan Inspeksi Ditertibkan","2018-12-18","17:40","Transportasi"
"Sea World Ancol Luncurkan 10  Akuarium Khusus Ubur-ubur","2018-12-18","17:27","Wisata & Kuliner"
"Camat dan Lurah Diminta Tegas Tegakan Aturan Pembuangan Sampah ","2018-12-18","17:14","Lintas Kota"
"Delapan Bangunan Liar di Duren Sawit Ditertibkan","2018-12-18","16:45","Jakarta Hari Ini"
"Dinas LH Distribusikan Kendaraan Dinas Operasional","2018-12-18","16:40","Fokus"
"1.325 Pelamar PJLP Satgas SDA Jakut Ikut Tes Keahlian","2018-12-18","16:31","Kesra"
"Pelajar dan Guru di SMKN 62 Dilatih Tangani Dini Kebakaran","2018-12-18","16:17","Lintas Kota"
"Wali Kota Jaktim Buka Sosialisasi Pra Rembuk RW ","2018-12-18","15:53","Pemerintahan"
"Pemkab Kepulauan Seribu Gelar Rapat Pengamanan Libur Natal ","2018-12-18","15:48","Pemerintahan"
"TP PKK DKI Fasilitasi UKM Melalui Cafe Jasmine ","2018-12-18","15:34","Ekonomi"
"6.802 Warga Jakpus Telah Ikuti Program PKT","2018-12-18","15:27","Kesra"
"Kebakaran Ilalang di Pulau Tidung Berhasil Dipadamkan ","2018-12-18","15:24","Lintas Kota"
"Sudin SDA Jakarta Timur Rekrut 1.000 PJLP","2018-12-18","15:21","Kesra"
"Dinas KUKMP Renovasi Ringan 22 Lokbin dan Loksem","2018-12-18","14:51","Pembangunan"
"DPRD Kalbar Belajar Pengelolaan Pariwisata ke Pemprov DKI ","2018-12-18","14:28","Wisata & Kuliner"
"Dinas PE Pasang Lampu PJU dengan Tiang Gendong","2018-12-18","13:54","Pembangunan"
"Perbaikan 16 TPS di Jaktim Rampung Dikerjakan","2018-12-18","13:28","Lintas Kota"
"3.600 Pohon Ditanam di Jaksel","2018-12-18","13:13","Jakarta Hari Ini"
" Buang Sampah Sembarang, 22 Orang Terjaring OTT  ","2018-12-18","12:55","Lintas Kota"
"Sudin Gulkarmat Jaksel Bakal Bangun Pos Damkar di TMR","2018-12-18","12:18","Lintas Kota"
"745 Paket Pangan Murah Habis Terjual di Pulau Tidung","2018-12-18","11:55","Kesra"
"Renovasi Total Rumah Dinas Lurah Kalibata Capai 93,3 Persen","2018-12-18","10:39","Pembangunan"
"Lahan di Ciangir Terus Dikembangkan untuk Pertanian","2018-12-18","10:22","Ekonomi"
"Sebagian Wilayah Jakarta Diprediksi Diguyur Hujan ","2018-12-18","07:39","Jakarta Hari Ini"
"Satu Juta Lubang Resapan Biopori Bakal Dibuat di Jaksel","2018-12-17","21:35","Lintas Kota"
"Sekda Optimistis Serapan APBD 2018 Lebihi Tahun Lalu","2018-12-17","20:09","Pemerintahan"
"8 KPST di Jakbar Diresmikan","2018-12-17","19:00","Lintas Kota"
"DPRD Cimahi Studi Komparasi Alat Kelengkapan Dewan di DKI ","2018-12-17","18:44","Legislatif"
"Pemkot Jakut Gelar Lomba Bakar Ikan Saat Malam Tahun Baru","2018-12-17","17:43","Wisata & Kuliner"
"Lima Terminal Bantuan Dioperasikan Mulai 20 Desember","2018-12-17","17:26","Transportasi"
"392 Meter Pagar Pengaman Jalan Sudah Terpasang di Jaktim","2018-12-17","17:21","Lintas Kota"
"117 Pelamar Petugas PPSU Kapuk Muara Ikuti Tes Tertulis","2018-12-17","16:02","Lintas Kota"
"Saluran Air di Jl Kalibata Timur IV Mulai Dibangun","2018-12-17","15:54","Jakarta Hari Ini"
"Cukup QR Code Bisa Baca 12 Cerita Wayang","2018-12-17","15:31","Seni & Budaya"
"Pemprov DKI Sudah Serahkan 813 Kartu Pekerja","2018-12-17","15:20","Kesra"
"Pedagang Binaan di Jakpus Capai 3.873 Orang","2018-12-17","14:51","Kesra"
"Dinas LH Lakukan Perbaikan di 26 Pintu Saringan Sampah ","2018-12-17","14:50","Fokus"
"Posko Terpadu di Apartemen Kalibata City Diresmikan","2018-12-17","14:41","Jakarta Hari Ini"
"Petugas Gabungan Tagih Penunggak PBB-P2 di Jaktim","2018-12-17","14:31","Jakarta Hari Ini"
"Wali Kota Jakpus Pimpin Apel Operasi Praja Wibawa","2018-12-17","14:02","Lintas Kota"
"Sudin SDA Jakut Siagakan Pompa Apung Atasi Genangan","2018-12-17","13:49","Banjir"
"29 Pedagang Binaan di Jaksel Diberi Sarana Berjualan","2018-12-17","13:22","Ekonomi"
"Perbaikan Turap Waduk Halim Perdanakusuma Rampung Dikerjakan","2018-12-17","11:36","Pembangunan"
"BPRD Kejar 4,7 Juta Kendaraan BDU","2018-12-17","11:19","Lintas Kota"
"Sudin Dukcapil Jaksel Terbitkan 51.973 KIA","2018-12-17","10:15","Lintas Kota"
"Sebagian Jakarta Diprediksi Diguyur Hujan Pada Siang Hari","2018-12-17","07:27","Jakarta Hari Ini"
"Bank DKI Apresiasi Prestasi Persija Juarai Liga 1 2018","2018-12-16","17:35","BUMD"
"Rumah Pompa Sunter Selatan Siap Hadapi Puncak Musim Hujan","2018-12-16","15:45","Banjir"
"Penyerapan Anggaran Sudin KPKP Jakpus Capai 76,06 Persen","2018-12-16","11:34","Ekonomi"
"19.612 Wisatawan Kunjungi Pulau Pramuka Sepanjang Tahun 2018 ","2018-12-16","11:32","Wisata & Kuliner"
"BPRD Buka Layanan Samsat Keliling Saat HBKB","2018-12-16","11:09","Jakarta Hari Ini"
"1.000 Peserta Ikuti Fun Walk dan Deklarasi Penonton Cerdas","2018-12-16","10:47","Jakarta Hari Ini"
"Sebagian Wilayah Jakarta Diprediksi Diguyur Hujan","2018-12-16","09:00","Jakarta Hari Ini"
"8 KPST di Jakbar Bakal Dilaunching Senin ","2018-12-15","23:39","Jakarta Hari Ini"
"Anies Ikut Naik Bus Tingkat Pawai Trofi Persija Juara","2018-12-15","17:33","Olahraga"
"Pertunjukan Perdana Dinoland Disambut Antusias Warga","2018-12-15","16:19","BUMD"
"Anies Terima Kedatangan Piala Kemenangan Persija","2018-12-15","15:21","Jakarta Hari Ini"
"Jakmania Kawal Tim Persija Menuju Balai Kota","2018-12-15","14:03","Olahraga"
"Wajib Pajak Kendaraan Padati Samsat Jakarta Timur","2018-12-15","11:43","Ekonomi"
"Anies Cek Kesiapan Penyambutan Pawai Trofi Juara Persija","2018-12-15","11:24","Jakarta Hari Ini"
"UP PKB Pulogadung Raih Sertifikat ISO 9001-2015","2018-12-15","11:16","Lintas Kota"
"Lahan di Kantor Kelurahan Pengadegan Jadi Sarana Edukasi Warga","2018-12-15","11:08","Kesra"
"Jakarta Diprediksi Diguyur Hujan Hari Ini","2018-12-15","09:14","Jakarta Hari Ini"
"Pawai Juara Persija, Dinas LH Kerahkan 15 Toilet Mobile ","2018-12-14","22:27","Olahraga"
"Ini Pengaturan Lalin Saat Pawai Trofi Juara Persija","2018-12-14","21:51","Olahraga"
"Lima Kelompok Pembudidaya Ikan Dapat 5.000 Bibit Ikan Kerapu","2018-12-14","21:21","Kesra"
"11,3 Kilometer Sheet Pile Dibangun di Jakarta Barat","2018-12-14","21:15","Pembangunan"
"Kelurahan Cipete Utara Bakal Adakan Gebyar PKK","2018-12-14","21:00","Pemberdayaan Perempuan"
"Kafilah Jakarta Barat Dominasi STQ XXV Provinsi DKI ","2018-12-14","20:11","Kesra"
"Sembilan Mobil Pemadam Atasi Kebakaran di Kapuk Muara","2018-12-14","19:52","Jakarta Hari Ini"
"Calon Petugas PPSU Kelurahan Kemayoran Jalani Tes Wawancara","2018-12-14","19:14","Lintas Kota"
"DPRD Kota Semarang Kunker ke Pemprov DKI","2018-12-14","17:53","Legislatif"
"Dinas Bina Marga Optimalkan Pemeliharaan Jalan","2018-12-14","17:40","Pembangunan"
"30 Kubik Sampah Kembali Diangkut dari Perairan Kepulauan Seribu","2018-12-14","16:26","Jakarta Hari Ini"
"11.473 Warga di Jakbar Telah Ikuti Pelatihan Kewirausahaan","2018-12-14","16:10","Kesra"
"Pemprov DKI Komitmen Dukung Program NPC","2018-12-14","16:04","Olahraga"
"Pemprov DKI Siapkan Acara Selebrasi Persija ","2018-12-14","15:27","Olahraga"
"Depo Sampah Ramah Lingkungan di Koja Dioperasikan","2018-12-14","15:25","Kesra"
"Pemprov DKI Segera Umumkan Tarif MRT dan LRT","2018-12-14","14:52","Ekonomi"
"Sudin Perhubungan Jakpus Tertibkan Pengendara di Jl Jatibaru Raya","2018-12-14","14:38","Jakarta Hari Ini"
"389 Pendamping Rembuk RW di Jakpus Ikuti Pelatihan","2018-12-14","14:35","Jakarta Hari Ini"
"52 Calon PPSU Pengadegan Ikuti Tes Tertulis","2018-12-14","14:13","Kesra"
"Ancol Hadirkan Wahana Dinoland Saat Libur Tahun Baru","2018-12-14","13:34","BUMD"
"Penerbitan IUMK UP PTSP Cilandak Lebihi Target","2018-12-14","11:21","Ekonomi"
"Konstruksi Papan Reklame di Jl Letjen S Parman Dibongkar","2018-12-14","11:12","Lintas Kota"
"Penyerapan Anggaran Sudin Dukcapil Jaksel Capai 83,45 Persen","2018-12-14","11:02","Kesra"
"Yuk Ikut Sayembara Desain Interior Tugu Nasional dan PRTK Medan Merdeka","2018-12-14","09:45","Pembangunan"
"Cuaca Jakarta Hari Ini Diprediksi Cerah Berawan","2018-12-14","08:49","Jakarta Hari Ini"
"Pemprov DKI-ICLEI Kerja Sama Pengurangan Emisi GRK","2018-12-14","00:19","Olahraga"
"DKI Miliki 1.800 Tagana","2018-12-13","22:02","Lintas Kota"
"Turap Saluran Air di Pondok Labu Longsor","2018-12-13","21:38","Jakarta Hari Ini"
"Satu Bus Tingkat Terbuka Disediakan untuk Pawai Kemenangan Persija ","2018-12-13","20:32","BUMD"
"Biro Dikmental DKI Sosialisasikan Dana Hibah ","2018-12-13","20:17","Kesra"
"Pengurus FKLU Sosialisasikan Program Kerja ke Pemkot Jaksel","2018-12-13","19:43","Lintas Kota"
"DIPA Provinsi DKI Diserahkan ke 18 Satuan Kerja","2018-12-13","19:14","Pemerintahan"
"DPRD Dorong Pembangunan RPHU Direalisasikan Tahun Depan ","2018-12-13","19:03","Legislatif"
"Siswa SDN 09 Rawa Badak Selatan Dikenalkan Profesi Pemadam","2018-12-13","18:28","Lintas Kota"
"Sampah di Lahan Tepi Pantai Marunda Dibersihkan","2018-12-13","18:20","Lintas Kota"
"Jakcraft 2018 Resmi Ditutup","2018-12-13","17:33","Ekonomi"
"PD Dharma Jaya Pastikan Stok Daging Aman","2018-12-13","17:20","BUMD"
"Satpel Bina Marga Tanah Abang Bersihkan Saluran di Tepi Jalan","2018-12-13","16:32","Jakarta Hari Ini"
"Perawat Puskesmas Kepulauan Seribu Ikuti Pelatihan Peningkatan Kapasitas","2018-12-13","16:29","Kesehatan"
"Wali Kota Jaksel Tinjau Jaringan Utilitas Jl Madrasah","2018-12-13","16:21","Kesra"
"Pemkab Evaluasi Pelayanan PTSP Kepulauan Seribu ","2018-12-13","16:20","Kesra"
"Dinas KUKMP Serahkan 45 Akta Pendirian Koperasi","2018-12-13","16:10","Ekonomi"
"149 Pelamar Petugas PPSU Pademangan Barat Ikuti Tes Tertulis","2018-12-13","16:01","Lintas Kota"
"DPRD Dorong Disdik Tambah Komputer di Sekolah","2018-12-13","15:51","Legislatif"
"Pemprov DKI Terima 50 Sepeda Motor Listrik ","2018-12-13","15:48","Jakarta Hari Ini"
"DPRD Kaltim Pelajari Soal Ketenagakerjaan di DKI","2018-12-13","15:24","Pemerintahan"
"Dinas Gulkarmat Diminta Matangkan Kajian Pembangunan Uji Laboratorium Tahan Api","2018-12-13","13:27","Legislatif"
"Indeks Demokrasi di DKI Terbaik se-Indonesia","2018-12-13","13:13","Pemerintahan"
"Penataan Bantaran Kali Karang akan Tampung 30 PKM Binaan","2018-12-13","12:40","Ekonomi"
"Revitalisasi Taman Arsa di Pulau Untung Jawa Capai 90 Persen","2018-12-13","12:03","Pembangunan"
"Stasiun Listrik Bertenaga Surya di Ragunan Diresmikan","2018-12-13","11:54","Kesra"
"Dinas KPKP Intensifkan Pengawasan Pangan","2018-12-13","11:46","Kesehatan"
"Renovasi Kantor Lurah Kramat Capai 93 Persen","2018-12-13","10:16","Pembangunan"
"Hari Ini, Jakarta Diprediksi Cerah Berawan","2018-12-13","08:31","Jakarta Hari Ini"
"Pemkab Bakal Bangun Tanggul Pengaman Pantai","2018-12-12","21:39","Pembangunan"
"PSN di Jakbar akan Lebih Digencarkan ","2018-12-12","21:22","Kesehatan"
"Realisasi Pembayaran Pajak Kendaraan Bermotor di Jakut Meningkat  ","2018-12-12","20:58","Ekonomi"
"UP PTSP Jagakarsa Terbitkan 399 IUMK ","2018-12-12","20:02","Ekonomi"
"Penumpang Transjakarta Capai 721.900 Orang Per Hari","2018-12-12","19:54","BUMD"
"Stok Beras Jelang Natal dan Tahun Baru Aman","2018-12-12","19:34","Ekonomi"
"Operasi Praja Wibawa di Jakbar Sasar Empat Lokasi ","2018-12-12","18:37","Jakarta Hari Ini"
"Water Reservoir VOC di Pulau Onrust Dikonservasi","2018-12-12","18:04","Pembangunan"
"RPTRA Mangga Ulir Adakan Pelatihan Bahasa Inggris untuk Anak-anak ","2018-12-12","17:55","Kesra"
"DPRD Kota Bukittinggi Kunker ke DPRD DKI","2018-12-12","17:36","Legislatif"
"Dishub Gelar Diskusi Publik Persiapan Pengoperasian MRT","2018-12-12","17:10","Transportasi"
"Produk Kosmetik dan Obat di Pasar Baru Dicek","2018-12-12","17:02","Jakarta Hari Ini"
"Anies Kukuhkan Anggota Baru HIPMI Jaya Angkatan 2018 ","2018-12-12","16:41","Ekonomi"
"Pemprov DKI Adakan Pasar Murah untuk Jaga Stabilitas Harga ","2018-12-12","16:37","Ekonomi"
"400 Personel Satpol PP Jakbar Disiagakan Saat Natal dan Tahun Baru","2018-12-12","16:26","Fokus"
"Empat Pohon Tumbang di Jaksel Dievakuasi ","2018-12-12","16:21","Jakarta Hari Ini"
"62 HPR di Kelurahan Pulau Tidung Divaksinasi","2018-12-12","16:10","Kesra"
"DPRD Provinsi Bangka Belitung Pelajari Keterbukaan Informasi di Diskominfotik","2018-12-12","16:07","Legislatif"
"Serapan APBD di Sudin KUKMP Jakpus Sudah 68,90 Persen","2018-12-12","14:58","Pemerintahan"
"Anies Berharap DWP DKI Semakin Kompak","2018-12-12","14:25","Jakarta Hari Ini"
"Sudin Kehutanan Jakbar Akan Beri Kompensasi Korban Pohon Tumbang ","2018-12-12","13:45","Jakarta Hari Ini"
"103 Calon Petugas PPSU Kelurahan Kalibata Lolos Seleksi Awal ","2018-12-12","13:43","Kesra"
"50 Petugas Gabungan Bersihkan Sampah di Pantai Marunda","2018-12-12","12:16","Lintas Kota"
"Kepala DPM dan PTSP DKI Raih Penghargaan PPT Pratama Teladan ","2018-12-12","11:31","Pemerintahan"
"Sudin Gulkarmat Jaksel Bakal Bangun Kantor Sektor di Pesanggrahan ","2018-12-12","11:23","Kesra"
"Strategi Sudin Parbud Kepulauan Seribu Tingkatkan Kunjungan Wisata Sejarah","2018-12-12","10:48","Wisata & Kuliner"
" Jakarta Hari Ini Diprediksi Hujan Disertai Angin Kencang ","2018-12-12","08:20","Jakarta Hari Ini"
"Pemprov DKI Raih Penghargaan Bhumandala Kanaka Simpul Jaringan Terbaik","2018-12-11","22:45","Pemerintahan"
"PT JIEP Bakal Bangun J-Food Center di Jl Rawaterate ","2018-12-11","22:05","BUMD"
"BPK Lakukan Penilaian Keuangan Pemkab Kepulauan Seribu","2018-12-11","21:29","Pemerintahan"
"350 Penunggak Pajak Kendaraan Bermotor di Jakut Ditagih Secara Langsung","2018-12-11","21:11","Ekonomi"
"Pemkot Jakpus Kirim 27 Peserta untuk STQ Tingkat Provinsi","2018-12-11","21:06","Jakarta Hari Ini"
"UP PTSP Cilandak dan Jagakarsa Buka Pelayanan di Mal","2018-12-11","20:54","Lintas Kota"
"129 Peserta Ikuti STQ Tingkat DKI Jakarta","2018-12-11","20:42","Kesra"
"SMKN 4 Jakarta Utara Gelar Pameran Produk Kreatif Siswa ","2018-12-11","20:07","Pendidikan"
"Anies Bangga Atas Prestasi Jakarta Youth Choir","2018-12-11","19:46","Seni & Budaya"
"Sekda Tanam Pohon Sukun di Pulau Pramuka","2018-12-11","19:39","Kesra"
"Petugas Gabungan Tertibkan Trotoar Jalan Garuda","2018-12-11","18:24","Lintas Kota"
" Pemkot Jakut Lepas Kafilah STQ ke Lomba Tingkat Provinsi","2018-12-11","18:14","Kesra"
"400 Petugas PPSU Pancoran Apel Antisipasi Banjir","2018-12-11","16:54","Lintas Kota"
"Wali Kota Jakbar Apresiasi Peresmian ULP di Mal ","2018-12-11","16:46","Pemerintahan"
"Operasi Praja Wibawa di Jakut Sasar Tujuh Ruas Jalan","2018-12-11","16:40","Jakarta Hari Ini"
"Sudin Kehutanan Jaktim Pangkas 12.032 Pohon","2018-12-11","15:57","Lintas Kota"
"Ini Rute Delapan Jak Lingko Tanah Abang","2018-12-11","15:17","BUMD"
"Operasional Seluruh BSU di Jakbar Bakal Dimaksimalkan  ","2018-12-11","15:00","Jakarta Hari Ini"
" Empat Objek Pajak di Cilincing Dipasang Plang Penunggak PBB-P2","2018-12-11","14:10","Ekonomi"
"10 Kafilah Wakili Kepulauan Seribu di STQ Tingkat Provinsi","2018-12-11","13:48","Kesra"
"Sudinhub Jaksel Rekayasa Lalin di Jalan Ampera Raya","2018-12-11","13:09","Jakarta Hari Ini"
"Dinas Bina Marga Lakukan Perbaikan Ringan Tujuh JPO","2018-12-11","12:48","Pembangunan"
"Sudin PRKP Jaktim Tata Kawasan Dua RW","2018-12-11","11:18","Jakarta Hari Ini"
"183 Pelamar Lolos Seleksi Administrasi Calon PPSU Menteng ","2018-12-11","10:54","Lintas Kota"
"16 Rangkaian Kereta Ratangga Bakal Diuji Coba Akhir Desember","2018-12-11","10:44","BUMD"
"70 Petugas Gabungan Gelar Pengawasan WNA","2018-12-11","10:08","Lintas Kota"
"Hari Ini Jakarta Diprediksi Hujan ","2018-12-11","08:50","Jakarta Hari Ini"
"Lokasi Longsor di Jalan Jatipadang Dipasang Cerucuk","2018-12-11","08:15","Jakarta Hari Ini"
"7.371 HPR di Jaktim Telah Divaksinasi","2018-12-10","21:14","Kesehatan"
"Anies Resmikan Ratangga Sebagai Nama Kereta MRT ","2018-12-10","20:38","Transportasi"
"Komisi C dan Warga Cempaka Putih Gelar Audiensi Penyesuaian PBB","2018-12-10","19:58","Legislatif"
"Dewan Dorong Pemprov DKI Tindak Tegas Pelanggar Reklame","2018-12-10","18:37","Legislatif"
"Kelurahan Gunung Sahari Utara Seleksi Calon Petugas PPSU","2018-12-10","18:10","Lintas Kota"
"Realisasi Retribusi Sampah di Jakut Capai Rp 4,5 Miliar","2018-12-10","17:05","Lintas Kota"
"Progres Pemagaran Lahan Aset DKI di Jakut Sudah 85 Persen","2018-12-10","16:50","Pembangunan"
"Jak Lingko Disosialisasikan di Jakarta Creative Hub","2018-12-10","16:40","Fokus"
"Pemkot Jakut Gelar Rakor Tim Penanggulangan Kemiskinan","2018-12-10","16:27","Kesra"
"Empat Pohon Tumbang di Jaksel Dievakuasi","2018-12-10","16:10","Lintas Kota"
"Pemkot Jaktim Tingkatkan Sinergitas dengan Forkopimko","2018-12-10","15:52","Lintas Kota"
"Petugas PPSU Atasi Genangan di Jl Raya Matraman","2018-12-10","15:44","Lintas Kota"
"Pemkab Buka Layanan Pas Kecil Kapal di Pulau Permukiman","2018-12-10","15:40","Kesra"
"Penyerapan Sudindukcapil Jakpus Capai 70,67 Persen","2018-12-10","15:27","Jakarta Hari Ini"
"60 ASN Pemkot Jakpus Ikuti Bimtek SIRUP Versi 2.3","2018-12-10","15:03","Jakarta Hari Ini"
"Pejabat Eselon III di Dinas KPKP Teken Pakta Integritas","2018-12-10","15:01","Pemerintahan"
"Pembangkit Listrik Tenaga Surya Bakal Dibangun di Pulau Sebira","2018-12-10","14:47","Pembangunan"
"20 Petugas Gabungan Dikerahkan Atasi Genangan di Jl Raya Fatmawati","2018-12-10","14:34","Lintas Kota"
"Anies Buka Jakcraft 2018","2018-12-10","14:14","Jakarta Hari Ini"
"111 IMB Rumah Tinggal Diterbitkan Melalui Layanan Online","2018-12-10","13:56","Pemerintahan"
"Pemprov DKI Dapat Penghargaan Reksa Bahasa","2018-12-10","13:42","Fokus"
"5.351 Pohon Rawan Tumbang di Jakbar Telah Ditoping ","2018-12-10","13:13","Jakarta Hari Ini"
"Sudin PE Jaksel Genjot Penggantian Lampu PJU LED SS","2018-12-10","12:56","Jakarta Hari Ini"
"452 Pendamping Rembuk RW di Jakut Dapat Pelatihan ","2018-12-10","11:54","Pemerintahan"
"Pemprov DKI Adakan Operasi Praja Wibawa","2018-12-10","11:19","Jakarta Hari Ini"
"Kebakaran Panel AC SMAN 64 Telah Dipadamkan","2018-12-10","10:26","Jakarta Hari Ini"
"Kecamatan Pancoran Bentuk Tim Terpadu Penerimaan Pajak","2018-12-10","09:33","Jakarta Hari Ini"
"Jakarta Diprediksi Diguyur Hujan ","2018-12-10","08:12","Jakarta Hari Ini"
"PT Jaktour Siap Berkontribusi Kembangkan Pariwisata di Jakarta","2018-12-09","22:08","BUMD"
"Anies Bangga Persija Raih Juara Liga 1","2018-12-09","21:48","Olahraga"
"Petugas Evakuasi Pohon Tumbang di Pekayon","2018-12-09","19:08","Jakarta Hari Ini"
"DPRD Setujui Penambahan 15 Mobil Perpustakaan Keliling","2018-12-09","16:52","Legislatif"
"Petugas Gulkarmat Amankan Dua Ular Kobra","2018-12-09","13:33","Jakarta Hari Ini"
"Dinkes DKI Ajak Masyarakat untuk Hidup Sehat","2018-12-09","13:15","Kesehatan"
"Ratusan Botol Miras Ilegal Diamankan di Duren Sawit","2018-12-09","12:02","Jakarta Hari Ini"
"Sudin KPKP Jakbar Tertibkan 2.285 Ekor Unggas dari Permukiman ","2018-12-09","11:19","Lintas Kota"
"Penghapusan Sanksi Administrasi Pajak Kendaraan Berakhir 15 Desember ","2018-12-08","23:37","Ekonomi"
"Penonton Laga Persija di SUGBK Diimbau Gunakan Transportasi Umum","2018-12-08","23:23","Lintas Kota"
"Anies Jadi Pembicara di Kompasianival 2018","2018-12-08","18:48","Jakarta Hari Ini"
"Warga Rusun Marunda Dilatih Atasi Kebakaran ","2018-12-08","13:52","Lintas Kota"
"Pemkab Bakal Gelar Nobar Laga Persija di Enam Kelurahan ","2018-12-08","13:43","Olahraga"
"13.106 Lampu LED Telah Terpasang di Jakbar ","2018-12-08","11:51","Lintas Kota"
"Sebagian Jakarta Diprediksi Diguyur Hujan","2018-12-08","08:48","Jakarta Hari Ini"
"13 Badan Publik Dapat Penghargaan dari Komisi Informasi DKI","2018-12-08","00:31","Pemerintahan"
"290 Reklame Teridentifikasi Langgar Aturan","2018-12-07","21:47","Ekonomi"
"43 Reklame di Kawasan Kendali Ketat Sudah Ditertibkan","2018-12-07","21:21","Fokus"
"Anies Yakin Depo MRT di Stadion BMW Disetujui JICA","2018-12-07","20:46","Pembangunan"
"Dewan Minta Dishub dan Satpol PP Jaga JPM Tanah Abang ","2018-12-07","20:02","Fokus"
"Pemkot Jakut Gelar Bimtek Aplikasi Dasawisma","2018-12-07","19:24","Pemberdayaan Perempuan"
"Disdik Jajaki Kerja Sama Pembukaan Kelas Industri di SMK","2018-12-07","19:14","Pendidikan"
"Anggota TP PKK Kepulauan Seribu Ikuti Bimtek Aplikasi Dasawisma","2018-12-07","17:57","Pemberdayaan Perempuan"
"Area Sekitar JPM Tanah Abang Dibersihkan","2018-12-07","16:55","Lintas Kota"
"40 Pelanggar Perda Tibum Jalani Sidang Tipiring di Jaktim ","2018-12-07","16:32","Jakarta Hari Ini"
"Kehadiran JPM Tanah Abang Disambut Baik Warga","2018-12-07","16:15","BUMD"
"Sudin Bina Marga Jaktim Rampungkan Pengerjaan Fisik","2018-12-07","16:08","Pembangunan"
" 63 Pelaku UKM Meriahkan Bazar Milad JIC","2018-12-07","15:56","Kesra"
"8.034 Hewan Penular Rabies di Jakbar Telah Divaksinasi ","2018-12-07","15:29","Jakarta Hari Ini"
"Dishub Diminta Tetap Gencarkan Pengaturan Lalin di Tanah Abang","2018-12-07","15:13","Legislatif"
"Anggaran Pembangunan Wall Climbing Disetujui Dewan","2018-12-07","14:58","Legislatif"
"Petugas Sudin Gulkarmat Jaktim Berhasil Evakuasi Sarang Tawon","2018-12-07","14:42","Lintas Kota"
"94 Meter Kubik Sampah Berhasil Diangkut dari Tiga Pulau","2018-12-07","14:25","Lintas Kota"
"Posko Siaga Bencana Kelurahan Tanjung Priok Siap Antisipasi Banjir ","2018-12-07","13:46","Banjir"
"Pemkab Kepulauan Seribu Gelar Gerebek Sampah di Pulau Tidung ","2018-12-07","12:56","Lintas Kota"
"Ketua TP PKK DKI Hadiri Maulid Nabi di Jaktim","2018-12-07","12:07","Jakarta Hari Ini"
"JPM Tanah Abang Mulai Diuji Coba Hari Ini","2018-12-07","11:48","BUMD"
"Serapan APBD di Dinas KUKMP Sudah 74,56 Persen","2018-12-07","11:35","Pemerintahan"
"Pembangunan Tanggul Pulau Kelapa Dua Capai 90 Persen","2018-12-07","11:22","Pembangunan"
"Dinas KPKP Awasi Mutu Pangan di Pasar Induk Kramat Jati ","2018-12-07","10:54","Kesehatan"
"52 Satpol PP Diperbantukan Urai Kemacetan di Duren Sawit","2018-12-07","09:59","Jakarta Hari Ini"
"Sebagian Wilayah Jakarta akan Diguyur Hujan Mulai Siang Hari","2018-12-07","08:25","Jakarta Hari Ini"
"KSOP Kepulauan Seribu Siap Terbitkan Pas Kecil 108 Kapal","2018-12-06","22:12","Lintas Kota"
"RSUD Kepulauan Seribu Jalani Survei Akreditasi ","2018-12-06","21:41","Kesehatan"
"PT KBN Jalin Kerja Sama dengan BPN Jakut","2018-12-06","21:30","BUMD"
"Bazis Jakut Gelar Seminar Peningkatan Kualitas UKM","2018-12-06","20:53","Kesra"
"Petugas Gabungan Tertibkan Perokok di Pasar Sunter Podomoro","2018-12-06","20:42","Lintas Kota"
"DPRD Dorong BUMD Jadi Sumber Kekuatan PAD","2018-12-06","20:32","Legislatif"
"Dinas KUKMP Cek Barang Beredar di Pusat Perbelanjaan","2018-12-06","19:44","Jakarta Hari Ini"
"Pemkab Bakal Tingkatkan Pengawasan Peredaran Narkoba","2018-12-06","19:25","Fokus"
"DPRD Setujui Penambahan Modal Dasar Tiga BUMD","2018-12-06","18:56","Legislatif"
"PT FSTJ Kenalkan Produk Pangan di Rapat Kerja APPSI","2018-12-06","18:27","BUMD"
"48 Tim Voli Bakal Tampil di Festival Olahraga Tingkat Kota Jakbar","2018-12-06","17:31","Olahraga"
"TP PKK Kalsel Kunjungi RPTRA Rawa Badak Selatan","2018-12-06","17:09","Pemberdayaan Perempuan"
"Anies Ingin Pertumbuhan Ekonomi Tahun Depan Semakin Berkualitas","2018-12-06","16:40","Ekonomi"
"DPRD Langkat Belajar Pengelolaan Sampah di Jakarta Timur","2018-12-06","16:24","Legislatif"
"Bappeda Gelar Sosialisasi Penyusunan Rencana Strategis ","2018-12-06","16:10","Pemerintahan"
"DPRD Sambut Baik Rencana Pengoperasian Skybridge Tanah Abang","2018-12-06","15:59","Legislatif"
"Bazis Jakpus Bedah 52 Rumah","2018-12-06","15:44","Kesra"
"Perumda Pasar Jaya Tampilkan VR di Rapat Kerja APPSI","2018-12-06","15:39","BUMD"
"Perbaikan Longsor di Kalisari Capai 60 Persen","2018-12-06","15:20","Jakarta Hari Ini"
"3 SMK di Jakarta Berpartisipasi di Komatsu Technical Olympic 2018","2018-12-06","15:07","Pendidikan"
"Dinsos-Bulog Perkuat Sinergi Tingkatkan Kesejahteraan Warga","2018-12-06","14:53","Kesra"
"Kelurahan Pekojan Gelar Verifikasi Data Penduduk  ","2018-12-06","14:10","Jakarta Hari Ini"
"Anies Ingin Kerja Sama Intens Antar Daerah Wujudkan Stabilisasi Harga","2018-12-06","13:43","Ekonomi"
"Saluran Air di Jalan Raya Kebayoran Lama Dibersihkan ","2018-12-06","12:59","Lintas Kota"
"Lahan 1,3 Hektare Bakal Digunakan untuk Pertanian Perkotaan","2018-12-06","12:55","Lintas Kota"
"UP PKB dan BBNKB Jaktim Lakukan Penagihan Door to Door ","2018-12-06","12:47","Jakarta Hari Ini"
"Sepanjang Tahun 2018, Bank Sampah Tidung Bersih Hasilkan Rp 18 Juta ","2018-12-06","11:04","Kesra"
"11 Objek Pajak di Jaksel Dilakukan Penagihan Intensif","2018-12-06","10:50","Jakarta Hari Ini"
"Sudin Dukcapil Jakpus Telah Terbitkan 3.680 SKDS","2018-12-06","10:39","Jakarta Hari Ini"
"30 Siswa PAUD Pulau Pramuka Wisata Edukasi ke Ragunan","2018-12-06","10:29","Pendidikan"
"Renovasi Enam Rusun di Jaktim Capai 90 Persen","2018-12-06","09:53","Jakarta Hari Ini"
"TP4D Kejari Jaksel Monitor Pemasangan PJU di Koridor 13","2018-12-06","09:53","Jakarta Hari Ini"
"16 Booth DKI Meriahkan Rapat Kerja APPSI","2018-12-06","09:49","Pemerintahan"
"Siang Hari, Sebagian Wilayah Jakarta Diguyur Hujan","2018-12-06","08:22","Jakarta Hari Ini"
"2.741 Izin Usaha Mikro Kecil Telah Diterbitkan UP PTSP Jakbar ","2018-12-05","23:43","Ekonomi"
"Pemprov DKI Dorong APPSI Tingkatkan Kerja Sama Perdagangan Antar Daerah","2018-12-05","22:46","Ekonomi"
"Perolehan PBB P2 Kecamatan Cilincing Lampaui Target","2018-12-05","21:10","Ekonomi"
"Pemprov DKI Dapat Tiga Penghargaan dari KPK","2018-12-05","20:31","Pemerintahan"
"Penerimaan Pajak DKI Capai Rp 34,18 Triliun","2018-12-05","20:13","Ekonomi"
"Revisi Perda PMD BUMD Ditarget Rampung Desember","2018-12-05","19:54","Legislatif"
"Pengurus Paguyuban Werdatama Jaya Jakbar Dikukuhkan ","2018-12-05","18:41","Lintas Kota"
"Dinas KPKP Buka Gerai Siduck di RPHU Rorotan","2018-12-05","17:26","Ekonomi"
"Pemprov DKI Utamakan Konsolidasi dalam Pengelolaan Medsos","2018-12-05","17:10","Pemerintahan"
"Parkir Liar, 40 Kendaraan di Jagakarsa Ditindak","2018-12-05","16:59","Jakarta Hari Ini"
"Pemkab Uji Coba Kapal Baru ","2018-12-05","16:54","Lintas Kota"
"PT JIEP Resmikan J-Food Center Rawabali ","2018-12-05","16:42","BUMD"
"Petugas Gabungan Lakukan Penertiban di Pondok Kelapa","2018-12-05","16:30","Jakarta Hari Ini"
"Pembangunan Lima RPTRA di Jaktim Capai 60 Persen","2018-12-05","16:19","Pembangunan"
"48 Tim Voli Berebut Menjadi yang Terbaik di Jakarta Pusat","2018-12-05","16:07","Olahraga"
"DPRD Gelar RDPU Revisi Perda PMD BUMD","2018-12-05","15:46","Legislatif"
"Mulai Malam Nanti Ada Rekayasa Lalin di Jl Matraman Raya","2018-12-05","15:42","Jakarta Hari Ini"
"DPRD Bangka Tengah Studi Banding ke Sudin Gulkarmat Jaksel","2018-12-05","15:41","Jakarta Hari Ini"
" Renovasi Gedung Pelayanan UP PKB Cilincing Hampir Rampung ","2018-12-05","15:39","Transportasi"
"446 Kios Pedagang di JPM Tanah Abang Diuji Coba","2018-12-05","15:34","BUMD"
"Satpol PP Jakbar Bantu Awasi Pelaksanaan Jam Belajar Malam ","2018-12-05","15:32","Jakarta Hari Ini"
"Realisasi Penerimaan Pajak Daerah di Jaksel Capai Rp 6,4 Triliun","2018-12-05","15:28","Ekonomi"
"Hore, Persija Bisa Tanding Lawan Mitra Kukar di SUGBK","2018-12-05","14:54","Olahraga"
"Pemkab dan KSOP Persiapkan Angkutan Libur Akhir Tahun ","2018-12-05","14:45","Transportasi"
"UPPRD Pancoran Gelar Sosialisasi Kebijakan Pajak Daerah ","2018-12-05","14:29","Jakarta Hari Ini"
"Peringatan Maulid Nabi Digelar di Pulau Panggang","2018-12-05","14:08","Kesra"
"KUKMP Jakut Fokus Kembangkan Program Kewirausahaan Terpadu di Kecamatan","2018-12-05","13:51","Ekonomi"
"Turap Longsor di Saluran PHB Muhasin Cilandak Diperbaiki","2018-12-05","13:26","Jakarta Hari Ini"
"Sudin Parbud Kepulauan Seribu Bakal Giatkan Wisata Budaya ","2018-12-05","13:10","Wisata & Kuliner"
"Sudin SDA Jaksel Pasang Cerucuk di Saluran PHB Pinang","2018-12-05","12:55","Jakarta Hari Ini"
"Anies Buka Musda IX DPD IWAPI DKI ","2018-12-05","11:13","Jakarta Hari Ini"
"Pohon Tumbang di Jalan Panglima Polim Dievakuasi","2018-12-05","10:24","Jakarta Hari Ini"
"Sudinhub Jaktim Rekayasa Lalin di Simpang Jalan Raden Inten","2018-12-05","09:28","Jakarta Hari Ini"
"Jakarta akan Diguyur Hujan Mulai Pagi Hari","2018-12-05","08:16","Jakarta Hari Ini"
"PDAM Jaya Targetkan Tambah 70 Ribu Pelanggan Baru","2018-12-04","23:39","BUMD"
"Sudin KUKMP Jakut Cetak 925 Wirausahawan Baru ","2018-12-04","23:30","Ekonomi"
"Media Internal Pemprov DKI Raih Juara 1 AMH 2018","2018-12-04","23:27","Pemerintahan"
"BPRD DKI Terus Optimalkan Penegakan Hukum Tagih WP","2018-12-04","23:19","Ekonomi"
"28 Badan Publik Berpartisipasi di Komisi Informasi Award 2018","2018-12-04","22:20","Pemerintahan"
"Sudin KUKMP Jakpus Ajukan 446 Pedagang Berjualan di JPM Tanah Abang","2018-12-04","22:03","Ekonomi"
"Pemkot Padang Kunker ke Pemprov DKI ","2018-12-04","21:51","Pemerintahan"
"707 Peserta Ikuti Pelatihan Pendamping Rembuk RW di Jaktim","2018-12-04","21:46","Lintas Kota"
"Suban Pajak dan Retda Jaksel Sampaikan Surat Paksa Pelunasan PBB-P2","2018-12-04","21:42","Ekonomi"
"Kelurahan Pluit Gencarkan Pembersihan Saluran ","2018-12-04","21:33","Banjir"
"Pendamping Rembuk RW di Jaksel Diberi Pelatihan Penyusunan Rencana Kerja","2018-12-04","20:52","Pembangunan"
"Murid SDN 03 Ancol Ikuti Simulasi Bencana","2018-12-04","20:37","Jakarta Hari Ini"
"Revitalisasi JPO di Jalan Jenderal Sudirman Ditarget Selesai Tahun Ini","2018-12-04","20:33","Fokus"
"Parkir Liar di Pasar Pagi Asemka Ditertibkan ","2018-12-04","20:20","Jakarta Hari Ini"
"Bapemperda Matangkan Revisi Perda PMD Tiga BUMD","2018-12-04","20:13","Legislatif"
"Wali Kota Jakbar Minta Fasilitas Disabilitas Dibenahi ","2018-12-04","19:56","Kesehatan"
"Razia Parkir Liar di Jaktim Tindak 118 Kendaraan ","2018-12-04","19:46","Jakarta Hari Ini"
"Pemkot Jakbar Fokus Tangani Lokasi Rawan Genangan ","2018-12-04","19:15","Banjir"
"Petugas Gabungan Pantau Komoditas Pangan di Pasar Klender SS","2018-12-04","19:05","Jakarta Hari Ini"
"Pemkot Jaksel Gelar Deklarasi Kampanye Damai","2018-12-04","17:54","Fokus"
"200 Tiang PJU Didistribusikan untuk Delapan Pulau Permukiman ","2018-12-04","17:09","Pembangunan"
"DPRD Kutai Kertanegara Pelajari Kegiatan Reses DPRD DKI","2018-12-04","16:28","Legislatif"
"Pendamping Rembuk RW di Kepulauan Seribu Diberikan Pelatihan","2018-12-04","16:20","Pemerintahan"
"DPRD Probolinggo Pelajari Pengelolaan Parkir di Ibukota","2018-12-04","16:05","Legislatif"
"50 Peserta Ikut Rakor Peningkatan Wawasan Kebangsaan ","2018-12-04","15:39","Pendidikan"
"Pemkot Jakbar Terus Bangun Trotoar Ramah Disabilitas ","2018-12-04","15:23","Jakarta Hari Ini"
"Penerimaan ZIS di Jakpus Lampaui Target","2018-12-04","14:46","Kesra"
"15 Loksem Baru di Jakut Efektif Beroperasi 2019","2018-12-04","14:32","Ekonomi"
"Diskominfotik Sosialisasikan Pentingnya Keamanan Informasi dan Data","2018-12-04","14:15","Jakarta Hari Ini"
"Kantor Kelurahan Cipulir Miliki Taman Mini Multifungsi","2018-12-04","14:14","Jakarta Hari Ini"
" Pemkot Jakbar Siap Bayar Lahan untuk Kantor Kelurahan Jembatan Besi  ","2018-12-04","13:55","Jakarta Hari Ini"
"120 Guru SMA/SMK di Jakut Dapat Pelatihan Bimbingan dan Konseling ","2018-12-04","13:40","Pendidikan"
"Pendapatan UP PKB dan BBNKB Jaksel Capai Rp 3,177 Triliun","2018-12-04","11:55","Jakarta Hari Ini"
"Pembangunan Jembatan Cinta Pulau Untung Jawa Capai 90 persen","2018-12-04","11:19","Wisata & Kuliner"
"Dinas PE Hemat Pembayaran Listrik PJU Hingga 51 Persen","2018-12-04","10:53","Pembangunan"
"Januari-November, 18.453 Perizinan Diterbitkan PTSP Jakarta Selatan","2018-12-04","10:37","Jakarta Hari Ini"
"Petugas Gabungan Atur Rekayasa Lalu Lintas di Jalan Otista III","2018-12-04","09:33","Jakarta Hari Ini"
"Siang Hari, Sebagian Wilayah Jakarta Diguyur Hujan","2018-12-04","08:12","Jakarta Hari Ini"
"Realisasi Penerimaan Pajak di Taman Sari Capai Rp 373,29 Miliar ","2018-12-03","22:25","Ekonomi"
"Jembatan Cinta Punya Spot Baru untuk Swafoto","2018-12-03","22:20","Wisata & Kuliner"
"Program Goes to Mall di Jakbar Terbitkan 1.800 Perizinan  ","2018-12-03","22:11","Ekonomi"
"Realisasi Penerimaan Pajak Kendaraan Bermotor di Jakut Capai Rp 2,09 Triliun ","2018-12-03","21:51","Ekonomi"
"Personel Sudinhub Jaksel Dilatih Pengoperasian Mobil Derek","2018-12-03","21:06","Transportasi"
"Anies Serap Aspirasi Penumpang Bus Transjakarta","2018-12-03","20:46","Transportasi"
"DPRD Setujui Penambahan Anggaran Alat Peraga Edukatif PAUD","2018-12-03","20:28","Legislatif"
"Ini Rekayasa Lalin Saat Revitalisasi JPO Polda","2018-12-03","19:45","Fokus"
"Pengurus KONI Jakbar Diminta Kerja Lebih Optimal ","2018-12-03","19:41","Olahraga"
"Jakarta Youth Choir Juara CIAICC di Italia","2018-12-03","18:41","Seni & Budaya"
"Pemanfaatan Enceng Gondok Diuji Coba di Saluran PHB Bhisma ","2018-12-03","17:49","Lintas Kota"
"Aparat Kelurahan di Jakut Diminta Cermati Usulan Warga ","2018-12-03","17:34","Pemerintahan"
"Bazis Jaktim Santuni 100 Murid PAUD","2018-12-03","17:25","Kesra"
"DPRD Rekomendasikan Pemprov Bentuk UPT KJP Plus","2018-12-03","17:16","Legislatif"
"5.000 Warga Jaktim Diberi Sertifikat Tanah","2018-12-03","16:34","Kesra"
"75 Bunda PAUD se-Jaktim Dikukuhkan","2018-12-03","16:24","Pendidikan"
"Pemkot Jaksel Pasang Plang Aset di Kebagusan","2018-12-03","16:09","Fokus"
"16 Bangunan di Taman Sari Dipasangi Stiker Penunggak Pajak","2018-12-03","15:52","Ekonomi"
"Kebakaran Ruko di Jalan Pemuda Berhasil Dipadamkan","2018-12-03","15:41","Jakarta Hari Ini"
"BPPBJ Sosialisasikan Pengembangan Sistem Pra Katalog Lokal ","2018-12-03","15:33","Pemerintahan"
" ASN Pemkot Jakut Disosialisasikan Penghapusan Sanksi PBB P2","2018-12-03","15:21","Ekonomi"
"30 Pelaku Usaha di Kepulauan Seribu Ikuti Bimtek Manajemen Pariwisata ","2018-12-03","15:11","Wisata & Kuliner"
"UP PKB dan BBNKB Jaksel Tambah Jam Operasional Pelayanan","2018-12-03","15:00","Jakarta Hari Ini"
"Dinas KUKMP dan IWAPI DKI Adakan Pameran Produk UKM","2018-12-03","14:53","Ekonomi"
"Wali Kota Jaktim Pantau Lalu Lintas di Jalan Pahlawan Revolusi","2018-12-03","13:05","Lintas Kota"
"20 Warga Pulau Pramuka Diberikan Pelatihan Membatik","2018-12-03","12:00","Wisata & Kuliner"
"Turap Saluran PHB Jalan Asem Pasar Minggu Dinormalisasi","2018-12-03","11:35","Jakarta Hari Ini"
"Kelurahan Pulau Panggang Juarai Festival Olahraga Sepanjang Tahun Tingkat Kabupaten ","2018-12-03","10:59","Olahraga"
"Dishub Berlakukan Rekayasa Lalin di Jl Otista III","2018-12-03","10:45","Transportasi"
"Sebagian Wilayah Jakarta Diguyur Hujan Mulai Siang Hari ","2018-12-03","08:45","Jakarta Hari Ini"
"UP PKB dan BBNKB Jaktim Tingkatkan Penagihan Pajak Kendaraan","2018-12-03","08:44","Jakarta Hari Ini"
"Dinas Kehutanan Diminta Tingkatkan Pengawasan Taman Saat Musim Hujan","2018-12-02","16:33","Legislatif"
"Waduk Pegangsaan Dua Dibersihkan dari Eceng Gondok","2018-12-02","14:17","Fokus"
"Wali Kota Jakpus Resmikan Balai Warga RW 09 Menteng","2018-12-02","13:14","Jakarta Hari Ini"
"Gubernur Hadiri Malam Anugerah Jakarta Souvenir Design Award 2018","2018-12-02","13:09","Jakarta in Spotlight"
"Jakarta Diprediksi Diguyur Hujan Mulai Siang Hari","2018-12-02","08:08","Jakarta Hari Ini"
"Anies Harap Perawat Promosikan Gaya Hidup Sehat ke Masyarakat","2018-12-01","22:49","Jakarta Hari Ini"
"Perolehan ZIS Jaktim Capai 87,62 Persen","2018-12-01","18:10","Jakarta Hari Ini"
"Penataan Terminal Kampung Rambutan Capai 80 Persen","2018-12-01","13:59","Jakarta Hari Ini"
"Festival Olahraga Sepanjang Tahun Digelar di Pulau Pramuka","2018-12-01","13:29","Olahraga"
"Siang Hari, Sebagian Wilayah Jakarta Diguyur Hujan","2018-12-01","10:05","Jakarta Hari Ini"
"Pemkot Jakut Gelar Apel Razia Pekat ","2018-12-01","00:22","Jakarta Hari Ini"
"Kebakaran di Rawa Bebek Berhasil Dipadamkan","2018-12-01","00:17","Jakarta Hari Ini"
